{
  "rec04LVBjU0WN5ygG": [
    -95.049784,
    36.464564
  ],
  "rec07FW8V3kdvZkct": [
    -84.623154,
    42.555209
  ],
  "rec0qyLabfeV9Pyii": [
    -87.621541,
    41.891281
  ],
  "rec1GxF1vJBfqG7cX": [
    -87.906068,
    43.185615
  ],
  "rec1Y15T5jcDrBKti": [
    -106.592918,
    52.140198
  ],
  "rec2kDTCmtyTwMEvG": [
    -87.623652,
    41.863745
  ],
  "rec2xX671NgqUn7Nk": [
    -96.997208,
    37.240318
  ],
  "rec3K1aXrwIY9XBqs": [
    -87.622176,
    41.891896
  ],
  "rec5J83WxfdGl2Exi": [
    -87.630346,
    41.902894
  ],
  "rec5maFFEyLHnv7bN": [
    -81.24524,
    41.14683
  ],
  "rec7aRZwbjXdqdMV2": [
    -87.647182,
    41.92504
  ],
  "rec7oU2LMDvKBir1L": [
    -87.631387,
    41.88656
  ],
  "rec8v0c1ZXD5Q34UI": [
    -92.48811,
    48.29506
  ],
  "rec90LYpbFrWy4TBe": [
    -87.647162,
    41.925008
  ],
  "rec9FF08DxcKa6776": [
    -81.102486,
    32.05412
  ],
  "recCKgfWtZ8IXlAtj": [
    -87.655552,
    41.876383
  ],
  "recG02BEZYyxXRbsy": [
    -87.936029,
    42.583725
  ],
  "recGCopDTPE7nZQub": [
    4.861307,
    52.363609
  ],
  "recHyV7fn8T8HhlFo": [
    -87.633699,
    41.913848
  ],
  "recIPSMEgIAuyRwhI": [
    -87.626304,
    41.868085
  ],
  "recKKWxYEVlo2tTk1": [
    -87.634451,
    41.893681
  ],
  "recLBAF5FFgRSKoSM": [
    -87.625329,
    41.864712
  ],
  "recLd4rCDJC2tmIsl": [
    -2.115235,
    14.357812
  ],
  "recNEbS7XJjG4YNsT": [
    -87.635406,
    41.894251
  ],
  "recNgh6kQYTpJNa2M": [
    -78.8764,
    42.889535
  ],
  "recO7NoUnj6cH1zpB": [
    -75.810108,
    41.565281
  ],
  "recOL214HFAGFvTB7": [
    -104.55704,
    38.27975
  ],
  "recOyTzprDtMD1SgG": [
    -88.08464,
    43.12446
  ],
  "recQ7tWQNH9RiSu1d": [
    0.122914,
    51.808782
  ],
  "recQCLIvt29tLqxnf": [
    2.379727,
    48.96229
  ],
  "recQgfsZKy0zgw2bL": [
    148.953442,
    -32.9999
  ],
  "recRgyJ8Vtz7mD24d": [
    -87.654805,
    41.885002
  ],
  "recTNniHdLr3JFDEW": [
    -87.945585,
    42.87372
  ],
  "recTmdcNWD8bBO6lC": [
    -122.535461,
    37.935145
  ],
  "recV5sFv8FJE4aC06": [
    145.318533,
    -38.085933
  ],
  "recVuNXxFvAUdeXZD": [
    -88.005127,
    43.04929
  ],
  "recWW4LtveM6AqSeE": [
    -87.638456,
    41.890281
  ],
  "recXyOfhdkLagKZOz": [
    -62.742735,
    46.091447
  ],
  "recYfkbPL7YFDTus9": [
    -94.078613,
    36.28796
  ],
  "recZfWJAlXoxOUvhD": [
    1.076699,
    51.064801
  ],
  "recZgfX6EmiHjwtbF": [
    -88.290836,
    42.076355
  ],
  "recZmGqRfMZ48nXZA": [
    -85.74534,
    38.34126
  ],
  "recbPbA8q1ZgvuPEE": [
    -87.630109,
    41.896294
  ],
  "recbXb0xgT1Wyc8Z6": [
    14.616731,
    51.174477
  ],
  "recdCIVuR6WoR3APZ": [
    -8.073458,
    51.913059
  ],
  "recdn9ou4hSzDVkzZ": [
    -87.655422,
    41.888011
  ],
  "rece1Xi4DL7qqQqxX": [
    -75.426949,
    39.857093
  ],
  "rece1s6uw2QjM2i5o": [
    -87.631221,
    41.869486
  ],
  "receEnuXSWWBy0Na8": [
    -87.640153,
    41.891032
  ],
  "recf1XdK0Z7RDeoBi": [
    -87.641207,
    41.894304
  ],
  "recfaZZ90gSPBL5ma": [
    -105.33914,
    45.10178
  ],
  "recfo4Ah6t8bl2bqT": [
    -87.61886,
    41.88973
  ],
  "recgwQPauHiYxJpIG": [
    -79.273624,
    44.036653
  ],
  "rechp4QkQsDzZOyww": [
    7.611182,
    11.041876
  ],
  "reciWkEeaTWHqT21t": [
    -87.645605,
    41.95576
  ],
  "recj7VJeiXl4DbNzs": [
    -88.173023,
    41.817838
  ],
  "recjt2loVfNQBQak1": [
    -87.930532,
    44.470875
  ],
  "recluLz2VMz5J0iP2": [
    -88.04319,
    43.18492
  ],
  "recmvGUHMls3937wI": [
    -94.078613,
    36.28796
  ],
  "recoYDDhayjTAoF5m": [
    -65.884788,
    -47.748376
  ],
  "recpIuSCS6ydBuP4u": [
    -78.86475,
    40.13153
  ],
  "recpgAGM4gQbJwxpZ": [
    -81.855603,
    39.573678
  ],
  "recqY66K8slabIjTB": [
    -82.89221,
    41.05419
  ],
  "recqpCmbDh10rrsJV": [
    -87.631813,
    41.881169
  ],
  "recrlVegr38I2MQaz": [
    -87.617387,
    41.892274
  ],
  "recrr5JWjFLGhJPH5": [
    -87.644838,
    41.910594
  ],
  "recsN4wZ00008dlLm": [
    -87.618512,
    41.89824
  ],
  "recssCBThSX2P3143": [
    15.932134,
    46.800293
  ],
  "recszDpy0ibqnroTq": [
    -78.25239,
    39.193764
  ],
  "recvv68wHhWBPf0Mg": [
    -88.06064,
    41.809328
  ],
  "recy4NgnYBy8VcUoV": [
    -70.893939,
    41.903182
  ]
}